jssan,hejre ved itu,1788942680,1,DR Byen
jssan,ræv i søndermarken,1788945169,2,DR Byen
johansantiagosejrbecht,fih,1789046579,3,DR Byen
johansantiagosejrbecht,type shit,1789050604,4,DR Byen
johansantiagosejrbecht,type shit,1789070797,5,DR Byen
johansantiagosejrbecht,type shit,1789070861,6,DR Byen
jacobmejdaljensen,Heron at DR Byen,1789506473,7,DR Byen
jacobmejdaljensen,Different bird,1789506547,8,Amager
jacobmejdaljensen,måge,1789550808,9,analog
johansantiagosejrbecht,hvid monster i netto,1790078335,10,netto
johansantiagosejrbecht,noget her,1790325994,11,i hjemmet
